Перчатки,Шапка,Толстовка,Джинсы,Носки
Худи,Джинсы,Носки,Перчатки,Футболка,Толстовка
Носки,Перчатки,Худи
Кроссовки,Шапка,Бейсболка,Носки,Очки,Перчатки
Очки,Кроссовки,Бейсболка,Шапка
Кросоовки,Шапка,Носки,Перчатки,Джинсы
Носки,Перчатки,Толстовка
Джинсы,Худи,Футболка,Перчатки,Носки
Перчатки,Носки,Джинсы,Футболка,Очки,Шапка,Худи,Кроссовки
Толстовка,Носки,Перчатки,Джинсы
Футболка,Перчатки,Джинсы,Носки
Худи,Футболка
Худи,Шапка,Толстовка
Шапка,Джинсы,Носки,Перчатки
Носки,Перчатки,Худи,Джинсы,Толстовка
Кроссовки,Бейсболка,Шапка,Перчатки,Носки,Джинсы
Носки,Кроссовки,Шапка,Перчатки
Футболка,Толстовка
Носки,Худи,Джинсы,Перчатки
Джинсы,Кроссовки,Перчатки,Носки
